name,protein,vacuum,ddvacuum,ddele
P219A,-0.2,0.1,-0.2,-0.3
P219C,-0.6,0.1,-0.6,-0.5
P219D,-0.9,0.2,-1.1,-0.4
P219E,-1.2,0.3,-1.5,-0.8
P219F,-1.0,0.2,-1.2,-0.7
P219G,-0.2,0.0,-0.2,-0.5
P219H,-1.4,-0.1,-1.4,-1.4
P219I,-0.6,-1.3,0.6,-1.1
P219K,-1.1,0.1,-1.3,-0.5
P219L,-0.9,-0.2,-0.7,-0.4
P219M,-1.2,0.2,-1.4,-1.1
P219N,-1.4,0.1,-1.5,-0.4
P219Q,-1.1,0.2,-1.2,-1.9
P219R,1.1,-0.8,1.8,7.8
P219S,-1.3,0.0,-1.3,-0.3
P219T,-0.5,-0.1,-0.4,0.0
P219V,-1.3,-0.1,-1.3,-0.4
P219W,-0.9,0.0,-0.9,-0.8
P219Y,-0.8,0.2,-1.0,-0.8
